[{"model": "contenttypes.contenttype", "pk": 1, "fields": {"app_label": "auth", "model": "permission"}}, {"model": "contenttypes.contenttype", "pk": 2, "fields": {"app_label": "auth", "model": "group"}}, {"model": "contenttypes.contenttype", "pk": 3, "fields": {"app_label": "auth", "model": "user"}}, {"model": "contenttypes.contenttype", "pk": 4, "fields": {"app_label": "contenttypes", "model": "contenttype"}}, {"model": "contenttypes.contenttype", "pk": 5, "fields": {"app_label": "sessions", "model": "session"}}, {"model": "contenttypes.contenttype", "pk": 6, "fields": {"app_label": "sites", "model": "site"}}, {"model": "contenttypes.contenttype", "pk": 7, "fields": {"app_label": "admin", "model": "logentry"}}, {"model": "contenttypes.contenttype", "pk": 8, "fields": {"app_label": "dgs", "model": "player"}}, {"model": "contenttypes.contenttype", "pk": 9, "fields": {"app_label": "dgs", "model": "contestant"}}, {"model": "contenttypes.contenttype", "pk": 10, "fields": {"app_label": "dgs", "model": "hole"}}, {"model": "contenttypes.contenttype", "pk": 11, "fields": {"app_label": "dgs", "model": "layout"}}, {"model": "contenttypes.contenttype", "pk": 12, "fields": {"app_label": "dgs", "model": "course"}}, {"model": "contenttypes.contenttype", "pk": 13, "fields": {"app_label": "dgs", "model": "score"}}, {"model": "contenttypes.contenttype", "pk": 14, "fields": {"app_label": "dgs", "model": "card"}}, {"model": "contenttypes.contenttype", "pk": 15, "fields": {"app_label": "dgs", "model": "award"}}, {"model": "contenttypes.contenttype", "pk": 16, "fields": {"app_label": "dgs", "model": "event"}}, {"model": "contenttypes.contenttype", "pk": 17, "fields": {"app_label": "dgs", "model": "league"}}, {"model": "sessions.session", "pk": "45ad5gz10arw7y1pi406utuk877txjnx", "fields": {"session_data": "ZDJlNWY5MzhhNjUzY2IzNDQwODJmNGQ4OWIxMWMxOGI5YTIxYjIzOTp7Il9hdXRoX3VzZXJfaGFzaCI6IjMxMjAzOTM0MTBjMDBiOTVhNDljNjczNTNlNWNjZTU0MDMyOWZmY2QiLCJfYXV0aF91c2VyX2JhY2tlbmQiOiJkamFuZ28uY29udHJpYi5hdXRoLmJhY2tlbmRzLk1vZGVsQmFja2VuZCIsIl9hdXRoX3VzZXJfaWQiOiIxIn0=", "expire_date": "2016-01-27T10:18:57Z"}}, {"model": "sessions.session", "pk": "in3iiq56e86482nctgm6mr2zw52h3c3r", "fields": {"session_data": "ZDJlNWY5MzhhNjUzY2IzNDQwODJmNGQ4OWIxMWMxOGI5YTIxYjIzOTp7Il9hdXRoX3VzZXJfaGFzaCI6IjMxMjAzOTM0MTBjMDBiOTVhNDljNjczNTNlNWNjZTU0MDMyOWZmY2QiLCJfYXV0aF91c2VyX2JhY2tlbmQiOiJkamFuZ28uY29udHJpYi5hdXRoLmJhY2tlbmRzLk1vZGVsQmFja2VuZCIsIl9hdXRoX3VzZXJfaWQiOiIxIn0=", "expire_date": "2016-03-01T04:10:26Z"}}, {"model": "sessions.session", "pk": "pgugfsfu8y3f0gj7g641w1pizn2907ka", "fields": {"session_data": "ZDJlNWY5MzhhNjUzY2IzNDQwODJmNGQ4OWIxMWMxOGI5YTIxYjIzOTp7Il9hdXRoX3VzZXJfaGFzaCI6IjMxMjAzOTM0MTBjMDBiOTVhNDljNjczNTNlNWNjZTU0MDMyOWZmY2QiLCJfYXV0aF91c2VyX2JhY2tlbmQiOiJkamFuZ28uY29udHJpYi5hdXRoLmJhY2tlbmRzLk1vZGVsQmFja2VuZCIsIl9hdXRoX3VzZXJfaWQiOiIxIn0=", "expire_date": "2016-01-27T07:22:32Z"}}, {"model": "sessions.session", "pk": "sv7heytb2i7uhll32socjdt79bj6tz4t", "fields": {"session_data": "YmQ2ZDQ5OTNkYzRkOTk3YTEzOGFjYTliM2ZlMGIyYjk5MjZmZDYxZjp7Il9hdXRoX3VzZXJfaGFzaCI6ImJhNTAzNzVkOTgwOTAwZmJjNmUwODhhOGQ0MjYwMDBiZWI2YjVlMGIiLCJfYXV0aF91c2VyX2JhY2tlbmQiOiJkamFuZ28uY29udHJpYi5hdXRoLmJhY2tlbmRzLk1vZGVsQmFja2VuZCIsIl9hdXRoX3VzZXJfaWQiOiIxIn0=", "expire_date": "2016-03-01T08:08:07Z"}}, {"model": "sites.site", "pk": 1, "fields": {"domain": "example.com", "name": "example.com"}}, {"model": "dgs.player", "pk": 1, "fields": {"first_name": "Ron", "last_name": "McDonlington", "email_address": "", "phone_number": "", "pdga_number": null}}, {"model": "dgs.player", "pk": 2, "fields": {"first_name": "Inglebert", "last_name": "Humperdink", "email_address": "", "phone_number": "", "pdga_number": null}}, {"model": "dgs.player", "pk": 3, "fields": {"first_name": "Annie", "last_name": "Hyzer", "email_address": "", "phone_number": "", "pdga_number": null}}, {"model": "dgs.player", "pk": 4, "fields": {"first_name": "Russel", "last_name": "Leaf", "email_address": "", "phone_number": "", "pdga_number": null}}, {"model": "dgs.player", "pk": 5, "fields": {"first_name": "Warren", "last_name": "Rabbit", "email_address": "", "phone_number": "", "pdga_number": null}}, {"model": "dgs.player", "pk": 6, "fields": {"first_name": "John", "last_name": "Lemon", "email_address": "", "phone_number": "", "pdga_number": null}}, {"model": "dgs.player", "pk": 7, "fields": {"first_name": "Imhotep", "last_name": "Smith", "email_address": "", "phone_number": "", "pdga_number": null}}, {"model": "dgs.player", "pk": 8, "fields": {"first_name": "George", "last_name": "Bool", "email_address": "", "phone_number": "", "pdga_number": null}}, {"model": "dgs.player", "pk": 9, "fields": {"first_name": "Delicious", "last_name": "Apricot", "email_address": "", "phone_number": "", "pdga_number": null}}, {"model": "dgs.player", "pk": 10, "fields": {"first_name": "Baz", "last_name": "Stopp", "email_address": "", "phone_number": "", "pdga_number": null}}, {"model": "dgs.player", "pk": 11, "fields": {"first_name": "Skirting", "last_name": "Board", "email_address": "", "phone_number": "", "pdga_number": null}}, {"model": "dgs.player", "pk": 12, "fields": {"first_name": "Quincy", "last_name": "Paste", "email_address": "", "phone_number": "", "pdga_number": null}}, {"model": "dgs.player", "pk": 13, "fields": {"first_name": "Hannibal", "last_name": "Lecturn", "email_address": "", "phone_number": "", "pdga_number": null}}, {"model": "dgs.player", "pk": 14, "fields": {"first_name": "Abraham", "last_name": "Linkedin", "email_address": "", "phone_number": "", "pdga_number": null}}, {"model": "dgs.player", "pk": 15, "fields": {"first_name": "Bill", "last_name": "Pelican", "email_address": "", "phone_number": "", "pdga_number": null}}, {"model": "dgs.contestant", "pk": 4, "fields": {"player": 1, "initial_handicap": -8}}, {"model": "dgs.contestant", "pk": 5, "fields": {"player": 2, "initial_handicap": 11}}, {"model": "dgs.contestant", "pk": 6, "fields": {"player": 3, "initial_handicap": 2}}, {"model": "dgs.contestant", "pk": 7, "fields": {"player": 4, "initial_handicap": 12}}, {"model": "dgs.contestant", "pk": 8, "fields": {"player": 5, "initial_handicap": -11}}, {"model": "dgs.contestant", "pk": 9, "fields": {"player": 6, "initial_handicap": -29}}, {"model": "dgs.contestant", "pk": 10, "fields": {"player": 7, "initial_handicap": -4}}, {"model": "dgs.contestant", "pk": 11, "fields": {"player": 8, "initial_handicap": 8}}, {"model": "dgs.contestant", "pk": 12, "fields": {"player": 9, "initial_handicap": 10}}, {"model": "dgs.contestant", "pk": 13, "fields": {"player": 10, "initial_handicap": -46}}, {"model": "dgs.contestant", "pk": 14, "fields": {"player": 11, "initial_handicap": 6}}, {"model": "dgs.contestant", "pk": 15, "fields": {"player": 12, "initial_handicap": -27}}, {"model": "dgs.contestant", "pk": 16, "fields": {"player": 13, "initial_handicap": 4}}, {"model": "dgs.contestant", "pk": 17, "fields": {"player": 14, "initial_handicap": -99}}, {"model": "dgs.contestant", "pk": 18, "fields": {"player": 15, "initial_handicap": 0}}, {"model": "dgs.hole", "pk": 1, "fields": {"number": 1, "par": 3}}, {"model": "dgs.hole", "pk": 2, "fields": {"number": 2, "par": 4}}, {"model": "dgs.hole", "pk": 3, "fields": {"number": 3, "par": 5}}, {"model": "dgs.hole", "pk": 4, "fields": {"number": 4, "par": 8}}, {"model": "dgs.hole", "pk": 5, "fields": {"number": 5, "par": 3}}, {"model": "dgs.hole", "pk": 6, "fields": {"number": 6, "par": 3}}, {"model": "dgs.hole", "pk": 7, "fields": {"number": 7, "par": 3}}, {"model": "dgs.hole", "pk": 8, "fields": {"number": 8, "par": 3}}, {"model": "dgs.hole", "pk": 9, "fields": {"number": 9, "par": 3}}, {"model": "dgs.hole", "pk": 11, "fields": {"number": 10, "par": 3}}, {"model": "dgs.hole", "pk": 12, "fields": {"number": 11, "par": 3}}, {"model": "dgs.hole", "pk": 13, "fields": {"number": 12, "par": 3}}, {"model": "dgs.hole", "pk": 14, "fields": {"number": 13, "par": 3}}, {"model": "dgs.hole", "pk": 15, "fields": {"number": 14, "par": 3}}, {"model": "dgs.hole", "pk": 16, "fields": {"number": 15, "par": 3}}, {"model": "dgs.hole", "pk": 17, "fields": {"number": 16, "par": 6}}, {"model": "dgs.hole", "pk": 18, "fields": {"number": 17, "par": 3}}, {"model": "dgs.hole", "pk": 19, "fields": {"number": 18, "par": 2}}, {"model": "dgs.layout", "pk": 1, "fields": {"name": "Blue tees", "holes": [1, 2, 3, 4, 5, 6, 7, 8, 9, 11, 12, 13, 14, 15, 16, 17, 18, 19]}}, {"model": "dgs.course", "pk": 1, "fields": {"name": "Shub's Pit DGC", "layouts": [1]}}, {"model": "dgs.score", "pk": 1, "fields": {"contestant": 4, "strokes": 54, "date": "2016-01-13T08:00:59Z"}}, {"model": "dgs.score", "pk": 2, "fields": {"contestant": 5, "strokes": 66, "date": "2016-01-13T08:01:28Z"}}, {"model": "dgs.score", "pk": 3, "fields": {"contestant": 6, "strokes": 78, "date": "2016-01-13T08:01:46Z"}}, {"model": "dgs.score", "pk": 4, "fields": {"contestant": 7, "strokes": 87, "date": "2016-01-13T08:02:00Z"}}, {"model": "dgs.score", "pk": 5, "fields": {"contestant": 8, "strokes": 34, "date": "2016-01-13T08:02:20Z"}}, {"model": "dgs.score", "pk": 6, "fields": {"contestant": 9, "strokes": 1, "date": "2016-01-13T08:02:31Z"}}, {"model": "dgs.score", "pk": 7, "fields": {"contestant": 10, "strokes": 60, "date": "2016-01-13T08:02:43Z"}}, {"model": "dgs.score", "pk": 8, "fields": {"contestant": 11, "strokes": 67, "date": "2016-01-13T08:02:57Z"}}, {"model": "dgs.score", "pk": 9, "fields": {"contestant": 12, "strokes": 77, "date": "2016-01-13T08:03:11Z"}}, {"model": "dgs.score", "pk": 10, "fields": {"contestant": 13, "strokes": 7, "date": "2016-01-13T10:38:04Z"}}, {"model": "dgs.score", "pk": 11, "fields": {"contestant": 14, "strokes": 71, "date": "2016-01-13T10:39:49Z"}}, {"model": "dgs.score", "pk": 12, "fields": {"contestant": 15, "strokes": 59, "date": "2016-01-13T10:40:31Z"}}, {"model": "dgs.score", "pk": 13, "fields": {"contestant": 16, "strokes": 41, "date": "2016-01-13T10:40:57Z"}}, {"model": "dgs.score", "pk": 14, "fields": {"contestant": 17, "strokes": 221, "date": "2016-01-13T10:44:34Z"}}, {"model": "dgs.score", "pk": 15, "fields": {"contestant": 18, "strokes": 69, "date": "2016-01-13T10:48:09Z"}}, {"model": "dgs.score", "pk": 16, "fields": {"contestant": 4, "strokes": 55, "date": "2016-01-13T11:03:34Z"}}, {"model": "dgs.score", "pk": 17, "fields": {"contestant": 5, "strokes": 90, "date": "2016-01-13T11:03:48Z"}}, {"model": "dgs.score", "pk": 18, "fields": {"contestant": 6, "strokes": 56, "date": "2016-01-13T11:03:59Z"}}, {"model": "dgs.score", "pk": 19, "fields": {"contestant": 7, "strokes": 70, "date": "2016-01-13T11:04:09Z"}}, {"model": "dgs.score", "pk": 20, "fields": {"contestant": 8, "strokes": 66, "date": "2016-01-13T11:37:34Z"}}, {"model": "dgs.score", "pk": 21, "fields": {"contestant": 9, "strokes": 54, "date": "2016-01-13T11:37:42Z"}}, {"model": "dgs.score", "pk": 22, "fields": {"contestant": 10, "strokes": 57, "date": "2016-01-13T11:37:46Z"}}, {"model": "dgs.score", "pk": 23, "fields": {"contestant": 11, "strokes": 82, "date": "2016-01-13T11:38:06Z"}}, {"model": "dgs.score", "pk": 24, "fields": {"contestant": 12, "strokes": 59, "date": "2016-02-13T23:23:20Z"}}, {"model": "dgs.score", "pk": 25, "fields": {"contestant": 13, "strokes": 43, "date": "2016-02-13T23:23:35Z"}}, {"model": "dgs.score", "pk": 26, "fields": {"contestant": 14, "strokes": 444, "date": "2016-02-13T23:23:51Z"}}, {"model": "dgs.score", "pk": 27, "fields": {"contestant": 15, "strokes": 2, "date": "2016-02-13T23:24:12Z"}}, {"model": "dgs.score", "pk": 28, "fields": {"contestant": 4, "strokes": 1, "date": "2016-02-13T23:30:34Z"}}, {"model": "dgs.score", "pk": 29, "fields": {"contestant": 5, "strokes": 11, "date": "2016-02-13T23:30:48Z"}}, {"model": "dgs.score", "pk": 30, "fields": {"contestant": 6, "strokes": 32, "date": "2016-02-13T23:30:59Z"}}, {"model": "dgs.score", "pk": 31, "fields": {"contestant": 7, "strokes": 43, "date": "2016-02-13T23:31:12Z"}}, {"model": "dgs.score", "pk": 32, "fields": {"contestant": 5, "strokes": 67, "date": "2016-02-13T23:36:27Z"}}, {"model": "dgs.score", "pk": 33, "fields": {"contestant": 15, "strokes": 69, "date": "2016-02-13T23:36:39Z"}}, {"model": "dgs.score", "pk": 34, "fields": {"contestant": 4, "strokes": 546, "date": "2016-02-13T23:36:52Z"}}, {"model": "dgs.score", "pk": 35, "fields": {"contestant": 6, "strokes": -27, "date": "2016-02-13T23:37:05Z"}}, {"model": "dgs.card", "pk": 4, "fields": {"course": 1, "layout": 1, "date": "2016-01-13T08:00:45Z", "scores": [1, 2, 3, 4, 5, 6, 7, 8, 9, 10]}}, {"model": "dgs.card", "pk": 5, "fields": {"course": 1, "layout": 1, "date": "2016-01-13T10:39:17Z", "scores": [11, 12, 13]}}, {"model": "dgs.card", "pk": 6, "fields": {"course": 1, "layout": 1, "date": "2016-01-13T10:44:14Z", "scores": [14, 15]}}, {"model": "dgs.card", "pk": 7, "fields": {"course": 1, "layout": 1, "date": "2016-01-13T11:03:24Z", "scores": [16, 17, 18, 19]}}, {"model": "dgs.card", "pk": 8, "fields": {"course": 1, "layout": 1, "date": "2016-01-13T11:37:10Z", "scores": [20, 21, 22, 23]}}, {"model": "dgs.card", "pk": 9, "fields": {"course": 1, "layout": 1, "date": "2016-02-13T23:22:41Z", "scores": [24, 25, 26, 27]}}, {"model": "dgs.card", "pk": 10, "fields": {"course": 1, "layout": 1, "date": "2016-02-13T23:30:21Z", "scores": [28, 29, 30, 31]}}, {"model": "dgs.card", "pk": 11, "fields": {"course": 1, "layout": 1, "date": "2016-02-13T23:35:55Z", "scores": [32, 33, 34, 35]}}, {"model": "dgs.award", "pk": 1, "fields": {"name": "Loudest Sneeze", "contestant": 4}}, {"model": "dgs.award", "pk": 2, "fields": {"name": "Best Socks", "contestant": 8}}, {"model": "dgs.award", "pk": 3, "fields": {"name": "Closest to Pin (Hole 4)", "contestant": 15}}, {"model": "dgs.award", "pk": 4, "fields": {"name": "Fastest Eater", "contestant": 11}}, {"model": "dgs.event", "pk": 1, "fields": {"name": "January League Day", "date": "2016-01-13T08:00:09Z", "rounds": 2, "awards": [1, 2], "cards": [4, 5, 6, 7, 8]}}, {"model": "dgs.event", "pk": 2, "fields": {"name": "February League Day", "date": "2016-02-13T23:22:11Z", "rounds": 2, "awards": [3, 4], "cards": [9, 10, 11]}}, {"model": "dgs.league", "pk": 1, "fields": {"name": "Beowulf Cup 2016", "contentants": [4, 5, 6, 7, 8, 9, 10, 11, 12, 13], "events": [1, 2]}}, {"model": "dgs.league", "pk": 2, "fields": {"name": "Legends League Q1 2016", "contentants": [], "events": []}}, {"model": "auth.permission", "pk": 1, "fields": {"name": "Can add permission", "content_type": 1, "codename": "add_permission"}}, {"model": "auth.permission", "pk": 2, "fields": {"name": "Can change permission", "content_type": 1, "codename": "change_permission"}}, {"model": "auth.permission", "pk": 3, "fields": {"name": "Can delete permission", "content_type": 1, "codename": "delete_permission"}}, {"model": "auth.permission", "pk": 4, "fields": {"name": "Can add group", "content_type": 2, "codename": "add_group"}}, {"model": "auth.permission", "pk": 5, "fields": {"name": "Can change group", "content_type": 2, "codename": "change_group"}}, {"model": "auth.permission", "pk": 6, "fields": {"name": "Can delete group", "content_type": 2, "codename": "delete_group"}}, {"model": "auth.permission", "pk": 7, "fields": {"name": "Can add user", "content_type": 3, "codename": "add_user"}}, {"model": "auth.permission", "pk": 8, "fields": {"name": "Can change user", "content_type": 3, "codename": "change_user"}}, {"model": "auth.permission", "pk": 9, "fields": {"name": "Can delete user", "content_type": 3, "codename": "delete_user"}}, {"model": "auth.permission", "pk": 10, "fields": {"name": "Can add content type", "content_type": 4, "codename": "add_contenttype"}}, {"model": "auth.permission", "pk": 11, "fields": {"name": "Can change content type", "content_type": 4, "codename": "change_contenttype"}}, {"model": "auth.permission", "pk": 12, "fields": {"name": "Can delete content type", "content_type": 4, "codename": "delete_contenttype"}}, {"model": "auth.permission", "pk": 13, "fields": {"name": "Can add session", "content_type": 5, "codename": "add_session"}}, {"model": "auth.permission", "pk": 14, "fields": {"name": "Can change session", "content_type": 5, "codename": "change_session"}}, {"model": "auth.permission", "pk": 15, "fields": {"name": "Can delete session", "content_type": 5, "codename": "delete_session"}}, {"model": "auth.permission", "pk": 16, "fields": {"name": "Can add site", "content_type": 6, "codename": "add_site"}}, {"model": "auth.permission", "pk": 17, "fields": {"name": "Can change site", "content_type": 6, "codename": "change_site"}}, {"model": "auth.permission", "pk": 18, "fields": {"name": "Can delete site", "content_type": 6, "codename": "delete_site"}}, {"model": "auth.permission", "pk": 19, "fields": {"name": "Can add log entry", "content_type": 7, "codename": "add_logentry"}}, {"model": "auth.permission", "pk": 20, "fields": {"name": "Can change log entry", "content_type": 7, "codename": "change_logentry"}}, {"model": "auth.permission", "pk": 21, "fields": {"name": "Can delete log entry", "content_type": 7, "codename": "delete_logentry"}}, {"model": "auth.permission", "pk": 22, "fields": {"name": "Can add player", "content_type": 8, "codename": "add_player"}}, {"model": "auth.permission", "pk": 23, "fields": {"name": "Can change player", "content_type": 8, "codename": "change_player"}}, {"model": "auth.permission", "pk": 24, "fields": {"name": "Can delete player", "content_type": 8, "codename": "delete_player"}}, {"model": "auth.permission", "pk": 25, "fields": {"name": "Can add contestant", "content_type": 9, "codename": "add_contestant"}}, {"model": "auth.permission", "pk": 26, "fields": {"name": "Can change contestant", "content_type": 9, "codename": "change_contestant"}}, {"model": "auth.permission", "pk": 27, "fields": {"name": "Can delete contestant", "content_type": 9, "codename": "delete_contestant"}}, {"model": "auth.permission", "pk": 28, "fields": {"name": "Can add hole", "content_type": 10, "codename": "add_hole"}}, {"model": "auth.permission", "pk": 29, "fields": {"name": "Can change hole", "content_type": 10, "codename": "change_hole"}}, {"model": "auth.permission", "pk": 30, "fields": {"name": "Can delete hole", "content_type": 10, "codename": "delete_hole"}}, {"model": "auth.permission", "pk": 31, "fields": {"name": "Can add layout", "content_type": 11, "codename": "add_layout"}}, {"model": "auth.permission", "pk": 32, "fields": {"name": "Can change layout", "content_type": 11, "codename": "change_layout"}}, {"model": "auth.permission", "pk": 33, "fields": {"name": "Can delete layout", "content_type": 11, "codename": "delete_layout"}}, {"model": "auth.permission", "pk": 34, "fields": {"name": "Can add course", "content_type": 12, "codename": "add_course"}}, {"model": "auth.permission", "pk": 35, "fields": {"name": "Can change course", "content_type": 12, "codename": "change_course"}}, {"model": "auth.permission", "pk": 36, "fields": {"name": "Can delete course", "content_type": 12, "codename": "delete_course"}}, {"model": "auth.permission", "pk": 37, "fields": {"name": "Can add score", "content_type": 13, "codename": "add_score"}}, {"model": "auth.permission", "pk": 38, "fields": {"name": "Can change score", "content_type": 13, "codename": "change_score"}}, {"model": "auth.permission", "pk": 39, "fields": {"name": "Can delete score", "content_type": 13, "codename": "delete_score"}}, {"model": "auth.permission", "pk": 40, "fields": {"name": "Can add card", "content_type": 14, "codename": "add_card"}}, {"model": "auth.permission", "pk": 41, "fields": {"name": "Can change card", "content_type": 14, "codename": "change_card"}}, {"model": "auth.permission", "pk": 42, "fields": {"name": "Can delete card", "content_type": 14, "codename": "delete_card"}}, {"model": "auth.permission", "pk": 43, "fields": {"name": "Can add award", "content_type": 15, "codename": "add_award"}}, {"model": "auth.permission", "pk": 44, "fields": {"name": "Can change award", "content_type": 15, "codename": "change_award"}}, {"model": "auth.permission", "pk": 45, "fields": {"name": "Can delete award", "content_type": 15, "codename": "delete_award"}}, {"model": "auth.permission", "pk": 46, "fields": {"name": "Can add event", "content_type": 16, "codename": "add_event"}}, {"model": "auth.permission", "pk": 47, "fields": {"name": "Can change event", "content_type": 16, "codename": "change_event"}}, {"model": "auth.permission", "pk": 48, "fields": {"name": "Can delete event", "content_type": 16, "codename": "delete_event"}}, {"model": "auth.permission", "pk": 49, "fields": {"name": "Can add league", "content_type": 17, "codename": "add_league"}}, {"model": "auth.permission", "pk": 50, "fields": {"name": "Can change league", "content_type": 17, "codename": "change_league"}}, {"model": "auth.permission", "pk": 51, "fields": {"name": "Can delete league", "content_type": 17, "codename": "delete_league"}}, {"model": "auth.user", "pk": 1, "fields": {"password": "pbkdf2_sha256$24000$e4ysOLqpsBvV$sSidKfATFq/Odu2ogqHNE27pnRxofRYa34KteXShCzg=", "last_login": "2016-02-16T08:08:07Z", "is_superuser": true, "username": "admin", "first_name": "", "last_name": "", "email": "", "is_staff": true, "is_active": true, "date_joined": "2016-01-13T07:22:25Z", "groups": [], "user_permissions": []}}, {"model": "auth.user", "pk": 2, "fields": {"password": "pbkdf2_sha256$24000$eWzttdEeGy3X$IHyBpEXIpcDhEIi7QxfbkEQEDuvRyWiGgBdmUE9IOF0=", "last_login": null, "is_superuser": false, "username": "testuser", "first_name": "", "last_name": "", "email": "", "is_staff": false, "is_active": true, "date_joined": "2016-02-16T07:27:21Z", "groups": [], "user_permissions": [19, 20, 21, 4, 5, 6, 1, 2, 3, 7, 8, 9, 10, 11, 12, 43, 44, 45, 40, 41, 42, 25, 26, 27, 34, 35, 36, 46, 47, 48, 28, 29, 30, 31, 32, 33, 49, 50, 51, 22, 23, 24, 37, 38, 39, 13, 14, 15, 16, 17, 18]}}, {"model": "admin.logentry", "pk": 1, "fields": {"action_time": "2016-01-13T07:23:02Z", "user": 1, "content_type": 17, "object_id": "1", "object_repr": "Test League 1", "action_flag": 1, "change_message": "Added."}}, {"model": "admin.logentry", "pk": 2, "fields": {"action_time": "2016-01-13T07:23:06Z", "user": 1, "content_type": 17, "object_id": "2", "object_repr": "Test League 2", "action_flag": 1, "change_message": "Added."}}, {"model": "admin.logentry", "pk": 3, "fields": {"action_time": "2016-01-13T07:44:11Z", "user": 1, "content_type": 8, "object_id": "1", "object_repr": "Mick Bolton", "action_flag": 1, "change_message": "Added."}}, {"model": "admin.logentry", "pk": 4, "fields": {"action_time": "2016-01-13T07:44:24Z", "user": 1, "content_type": 8, "object_id": "2", "object_repr": "Stu Soup", "action_flag": 1, "change_message": "Added."}}, {"model": "admin.logentry", "pk": 5, "fields": {"action_time": "2016-01-13T07:44:33Z", "user": 1, "content_type": 8, "object_id": "3", "object_repr": "Bob Floaty", "action_flag": 1, "change_message": "Added."}}, {"model": "admin.logentry", "pk": 6, "fields": {"action_time": "2016-01-13T07:44:39Z", "user": 1, "content_type": 8, "object_id": "4", "object_repr": "Russel Leaf", "action_flag": 1, "change_message": "Added."}}, {"model": "admin.logentry", "pk": 7, "fields": {"action_time": "2016-01-13T07:44:47Z", "user": 1, "content_type": 8, "object_id": "5", "object_repr": "Warren Hole", "action_flag": 1, "change_message": "Added."}}, {"model": "admin.logentry", "pk": 8, "fields": {"action_time": "2016-01-13T07:45:10Z", "user": 1, "content_type": 8, "object_id": "6", "object_repr": "Bill Pelican", "action_flag": 1, "change_message": "Added."}}, {"model": "admin.logentry", "pk": 9, "fields": {"action_time": "2016-01-13T07:45:19Z", "user": 1, "content_type": 8, "object_id": "7", "object_repr": "Bill Bird", "action_flag": 1, "change_message": "Added."}}, {"model": "admin.logentry", "pk": 10, "fields": {"action_time": "2016-01-13T07:45:32Z", "user": 1, "content_type": 8, "object_id": "8", "object_repr": "Jordan Puskanani", "action_flag": 1, "change_message": "Added."}}, {"model": "admin.logentry", "pk": 11, "fields": {"action_time": "2016-01-13T07:45:43Z", "user": 1, "content_type": 8, "object_id": "9", "object_repr": "Delicious Apricot", "action_flag": 1, "change_message": "Added."}}, {"model": "admin.logentry", "pk": 12, "fields": {"action_time": "2016-01-13T07:45:49Z", "user": 1, "content_type": 8, "object_id": "10", "object_repr": "Bus Stop", "action_flag": 1, "change_message": "Added."}}, {"model": "admin.logentry", "pk": 13, "fields": {"action_time": "2016-01-13T07:45:55Z", "user": 1, "content_type": 8, "object_id": "11", "object_repr": "Skirting Board", "action_flag": 1, "change_message": "Added."}}, {"model": "admin.logentry", "pk": 14, "fields": {"action_time": "2016-01-13T07:46:03Z", "user": 1, "content_type": 8, "object_id": "12", "object_repr": "Quincy Paste", "action_flag": 1, "change_message": "Added."}}, {"model": "admin.logentry", "pk": 15, "fields": {"action_time": "2016-01-13T07:46:18Z", "user": 1, "content_type": 8, "object_id": "13", "object_repr": "Hector Protector", "action_flag": 1, "change_message": "Added."}}, {"model": "admin.logentry", "pk": 16, "fields": {"action_time": "2016-01-13T07:46:39Z", "user": 1, "content_type": 8, "object_id": "14", "object_repr": "Smokey Abraham", "action_flag": 1, "change_message": "Added."}}, {"model": "admin.logentry", "pk": 17, "fields": {"action_time": "2016-01-13T07:47:09Z", "user": 1, "content_type": 8, "object_id": "15", "object_repr": "Bill Pfeiffer", "action_flag": 1, "change_message": "Added."}}, {"model": "admin.logentry", "pk": 18, "fields": {"action_time": "2016-01-13T07:53:21Z", "user": 1, "content_type": 9, "object_id": "4", "object_repr": "Mick Bolton (None)", "action_flag": 1, "change_message": "Added."}}, {"model": "admin.logentry", "pk": 19, "fields": {"action_time": "2016-01-13T07:53:36Z", "user": 1, "content_type": 17, "object_id": "1", "object_repr": "Test League 1", "action_flag": 2, "change_message": "Changed contentants."}}, {"model": "admin.logentry", "pk": 20, "fields": {"action_time": "2016-01-13T07:53:50Z", "user": 1, "content_type": 9, "object_id": "5", "object_repr": "Stu Soup (None)", "action_flag": 1, "change_message": "Added."}}, {"model": "admin.logentry", "pk": 21, "fields": {"action_time": "2016-01-13T07:53:58Z", "user": 1, "content_type": 9, "object_id": "6", "object_repr": "Bob Floaty (None)", "action_flag": 1, "change_message": "Added."}}, {"model": "admin.logentry", "pk": 22, "fields": {"action_time": "2016-01-13T07:54:07Z", "user": 1, "content_type": 9, "object_id": "7", "object_repr": "Russel Leaf (None)", "action_flag": 1, "change_message": "Added."}}, {"model": "admin.logentry", "pk": 23, "fields": {"action_time": "2016-01-13T07:54:15Z", "user": 1, "content_type": 9, "object_id": "8", "object_repr": "Warren Hole (None)", "action_flag": 1, "change_message": "Added."}}, {"model": "admin.logentry", "pk": 24, "fields": {"action_time": "2016-01-13T07:54:24Z", "user": 1, "content_type": 9, "object_id": "9", "object_repr": "Bill Pelican (None)", "action_flag": 1, "change_message": "Added."}}, {"model": "admin.logentry", "pk": 25, "fields": {"action_time": "2016-01-13T07:54:32Z", "user": 1, "content_type": 9, "object_id": "10", "object_repr": "Bill Bird (None)", "action_flag": 1, "change_message": "Added."}}, {"model": "admin.logentry", "pk": 26, "fields": {"action_time": "2016-01-13T07:54:40Z", "user": 1, "content_type": 9, "object_id": "11", "object_repr": "Jordan Puskanani (None)", "action_flag": 1, "change_message": "Added."}}, {"model": "admin.logentry", "pk": 27, "fields": {"action_time": "2016-01-13T07:54:45Z", "user": 1, "content_type": 9, "object_id": "12", "object_repr": "Delicious Apricot (None)", "action_flag": 1, "change_message": "Added."}}, {"model": "admin.logentry", "pk": 28, "fields": {"action_time": "2016-01-13T07:54:48Z", "user": 1, "content_type": 17, "object_id": "1", "object_repr": "Test League 1", "action_flag": 2, "change_message": "Changed contentants."}}, {"model": "admin.logentry", "pk": 29, "fields": {"action_time": "2016-01-13T07:55:26Z", "user": 1, "content_type": 10, "object_id": "1", "object_repr": "Hole 1 (Par 3)", "action_flag": 1, "change_message": "Added."}}, {"model": "admin.logentry", "pk": 30, "fields": {"action_time": "2016-01-13T07:55:34Z", "user": 1, "content_type": 10, "object_id": "2", "object_repr": "Hole 2 (Par 4)", "action_flag": 1, "change_message": "Added."}}, {"model": "admin.logentry", "pk": 31, "fields": {"action_time": "2016-01-13T07:55:43Z", "user": 1, "content_type": 10, "object_id": "3", "object_repr": "Hole 3 (Par 5)", "action_flag": 1, "change_message": "Added."}}, {"model": "admin.logentry", "pk": 32, "fields": {"action_time": "2016-01-13T07:55:54Z", "user": 1, "content_type": 10, "object_id": "4", "object_repr": "Hole 4 (Par 8)", "action_flag": 1, "change_message": "Added."}}, {"model": "admin.logentry", "pk": 33, "fields": {"action_time": "2016-01-13T07:56:03Z", "user": 1, "content_type": 10, "object_id": "5", "object_repr": "Hole 5 (Par 3)", "action_flag": 1, "change_message": "Added."}}, {"model": "admin.logentry", "pk": 34, "fields": {"action_time": "2016-01-13T07:56:08Z", "user": 1, "content_type": 10, "object_id": "6", "object_repr": "Hole 6 (Par 3)", "action_flag": 1, "change_message": "Added."}}, {"model": "admin.logentry", "pk": 35, "fields": {"action_time": "2016-01-13T07:56:10Z", "user": 1, "content_type": 10, "object_id": "7", "object_repr": "Hole 7 (Par 3)", "action_flag": 1, "change_message": "Added."}}, {"model": "admin.logentry", "pk": 36, "fields": {"action_time": "2016-01-13T07:56:12Z", "user": 1, "content_type": 10, "object_id": "8", "object_repr": "Hole 8 (Par 3)", "action_flag": 1, "change_message": "Added."}}, {"model": "admin.logentry", "pk": 37, "fields": {"action_time": "2016-01-13T07:56:13Z", "user": 1, "content_type": 10, "object_id": "9", "object_repr": "Hole 9 (Par 3)", "action_flag": 1, "change_message": "Added."}}, {"model": "admin.logentry", "pk": 38, "fields": {"action_time": "2016-01-13T07:56:15Z", "user": 1, "content_type": 10, "object_id": "10", "object_repr": "Hole 0 (Par 3)", "action_flag": 1, "change_message": "Added."}}, {"model": "admin.logentry", "pk": 39, "fields": {"action_time": "2016-01-13T07:56:32Z", "user": 1, "content_type": 10, "object_id": "10", "object_repr": "Hole 0 (Par 3)", "action_flag": 3, "change_message": ""}}, {"model": "admin.logentry", "pk": 40, "fields": {"action_time": "2016-01-13T07:56:39Z", "user": 1, "content_type": 10, "object_id": "11", "object_repr": "Hole 10 (Par 3)", "action_flag": 1, "change_message": "Added."}}, {"model": "admin.logentry", "pk": 41, "fields": {"action_time": "2016-01-13T07:56:41Z", "user": 1, "content_type": 10, "object_id": "12", "object_repr": "Hole 11 (Par 3)", "action_flag": 1, "change_message": "Added."}}, {"model": "admin.logentry", "pk": 42, "fields": {"action_time": "2016-01-13T07:56:43Z", "user": 1, "content_type": 10, "object_id": "13", "object_repr": "Hole 12 (Par 3)", "action_flag": 1, "change_message": "Added."}}, {"model": "admin.logentry", "pk": 43, "fields": {"action_time": "2016-01-13T07:56:44Z", "user": 1, "content_type": 10, "object_id": "14", "object_repr": "Hole 13 (Par 3)", "action_flag": 1, "change_message": "Added."}}, {"model": "admin.logentry", "pk": 44, "fields": {"action_time": "2016-01-13T07:56:46Z", "user": 1, "content_type": 10, "object_id": "15", "object_repr": "Hole 14 (Par 3)", "action_flag": 1, "change_message": "Added."}}, {"model": "admin.logentry", "pk": 45, "fields": {"action_time": "2016-01-13T07:56:47Z", "user": 1, "content_type": 10, "object_id": "16", "object_repr": "Hole 15 (Par 3)", "action_flag": 1, "change_message": "Added."}}, {"model": "admin.logentry", "pk": 46, "fields": {"action_time": "2016-01-13T07:56:50Z", "user": 1, "content_type": 10, "object_id": "17", "object_repr": "Hole 16 (Par 6)", "action_flag": 1, "change_message": "Added."}}, {"model": "admin.logentry", "pk": 47, "fields": {"action_time": "2016-01-13T07:56:53Z", "user": 1, "content_type": 10, "object_id": "18", "object_repr": "Hole 17 (Par 3)", "action_flag": 1, "change_message": "Added."}}, {"model": "admin.logentry", "pk": 48, "fields": {"action_time": "2016-01-13T07:56:57Z", "user": 1, "content_type": 10, "object_id": "19", "object_repr": "Hole 18 (Par 2)", "action_flag": 1, "change_message": "Added."}}, {"model": "admin.logentry", "pk": 49, "fields": {"action_time": "2016-01-13T07:57:14Z", "user": 1, "content_type": 11, "object_id": "1", "object_repr": "Puce", "action_flag": 1, "change_message": "Added."}}, {"model": "admin.logentry", "pk": 50, "fields": {"action_time": "2016-01-13T07:59:38Z", "user": 1, "content_type": 12, "object_id": "1", "object_repr": "Shub's Pit DGC", "action_flag": 1, "change_message": "Added."}}, {"model": "admin.logentry", "pk": 51, "fields": {"action_time": "2016-01-13T08:00:24Z", "user": 1, "content_type": 16, "object_id": "1", "object_repr": "January League Day - Wed Jan 13 19:00:09 2016", "action_flag": 1, "change_message": "Added."}}, {"model": "admin.logentry", "pk": 52, "fields": {"action_time": "2016-01-13T08:01:00Z", "user": 1, "content_type": 13, "object_id": "1", "object_repr": "54 - Wed Jan 13 19:00:59 2016 - Mick Bolton", "action_flag": 1, "change_message": "Added."}}, {"model": "admin.logentry", "pk": 53, "fields": {"action_time": "2016-01-13T08:01:29Z", "user": 1, "content_type": 13, "object_id": "2", "object_repr": "66 - Wed Jan 13 19:01:28 2016 - Stu Soup", "action_flag": 1, "change_message": "Added."}}, {"model": "admin.logentry", "pk": 54, "fields": {"action_time": "2016-01-13T08:01:47Z", "user": 1, "content_type": 13, "object_id": "3", "object_repr": "78 - Wed Jan 13 19:01:46 2016 - Bob Floaty", "action_flag": 1, "change_message": "Added."}}, {"model": "admin.logentry", "pk": 55, "fields": {"action_time": "2016-01-13T08:02:02Z", "user": 1, "content_type": 13, "object_id": "4", "object_repr": "87 - Wed Jan 13 19:02:00 2016 - Russel Leaf", "action_flag": 1, "change_message": "Added."}}, {"model": "admin.logentry", "pk": 56, "fields": {"action_time": "2016-01-13T08:02:22Z", "user": 1, "content_type": 13, "object_id": "5", "object_repr": "34 - Wed Jan 13 19:02:20 2016 - Warren Hole", "action_flag": 1, "change_message": "Added."}}, {"model": "admin.logentry", "pk": 57, "fields": {"action_time": "2016-01-13T08:02:32Z", "user": 1, "content_type": 13, "object_id": "6", "object_repr": "1 - Wed Jan 13 19:02:31 2016 - Bill Pelican", "action_flag": 1, "change_message": "Added."}}, {"model": "admin.logentry", "pk": 58, "fields": {"action_time": "2016-01-13T08:02:44Z", "user": 1, "content_type": 13, "object_id": "7", "object_repr": "435 - Wed Jan 13 19:02:43 2016 - Bill Bird", "action_flag": 1, "change_message": "Added."}}, {"model": "admin.logentry", "pk": 59, "fields": {"action_time": "2016-01-13T08:02:58Z", "user": 1, "content_type": 13, "object_id": "8", "object_repr": "64 - Wed Jan 13 19:02:57 2016 - Jordan Puskanani", "action_flag": 1, "change_message": "Added."}}, {"model": "admin.logentry", "pk": 60, "fields": {"action_time": "2016-01-13T08:03:12Z", "user": 1, "content_type": 13, "object_id": "9", "object_repr": "77 - Wed Jan 13 19:03:11 2016 - Delicious Apricot", "action_flag": 1, "change_message": "Added."}}, {"model": "admin.logentry", "pk": 61, "fields": {"action_time": "2016-01-13T08:07:03Z", "user": 1, "content_type": 14, "object_id": "4", "object_repr": "2016-01-13 19:00:45+11:00 (Mick, Stu, Bob, Russel, Warren, Bill Pelican, Bill B, Jordan, Delicious)", "action_flag": 1, "change_message": "Added."}}, {"model": "admin.logentry", "pk": 62, "fields": {"action_time": "2016-01-13T08:08:11Z", "user": 1, "content_type": 17, "object_id": "1", "object_repr": "Test League 1", "action_flag": 2, "change_message": "Changed events."}}, {"model": "admin.logentry", "pk": 63, "fields": {"action_time": "2016-01-13T08:12:42Z", "user": 1, "content_type": 15, "object_id": "1", "object_repr": "Fancy Dress: Mick Bolton", "action_flag": 1, "change_message": "Added."}}, {"model": "admin.logentry", "pk": 64, "fields": {"action_time": "2016-01-13T08:12:53Z", "user": 1, "content_type": 15, "object_id": "2", "object_repr": "Best Elephant: Warren Hole", "action_flag": 1, "change_message": "Added."}}, {"model": "admin.logentry", "pk": 65, "fields": {"action_time": "2016-01-13T08:13:13Z", "user": 1, "content_type": 16, "object_id": "1", "object_repr": "January League Day - Wed Jan 13 19:00:09 2016", "action_flag": 2, "change_message": "Changed cards."}}, {"model": "admin.logentry", "pk": 66, "fields": {"action_time": "2016-01-13T08:53:56Z", "user": 1, "content_type": 13, "object_id": "7", "object_repr": "60 - Wed Jan 13 19:02:43 2016 - Bill Bird", "action_flag": 2, "change_message": "Changed strokes."}}, {"model": "admin.logentry", "pk": 67, "fields": {"action_time": "2016-01-13T10:24:13Z", "user": 1, "content_type": 17, "object_id": "1", "object_repr": "Guatamala League 2016", "action_flag": 2, "change_message": "Changed name."}}, {"model": "admin.logentry", "pk": 68, "fields": {"action_time": "2016-01-13T10:24:27Z", "user": 1, "content_type": 17, "object_id": "2", "object_repr": "Nodge Podge League Q1 2016", "action_flag": 2, "change_message": "Changed name."}}, {"model": "admin.logentry", "pk": 69, "fields": {"action_time": "2016-01-13T10:36:46Z", "user": 1, "content_type": 9, "object_id": "13", "object_repr": "Bus Stop (None)", "action_flag": 1, "change_message": "Added."}}, {"model": "admin.logentry", "pk": 70, "fields": {"action_time": "2016-01-13T10:36:48Z", "user": 1, "content_type": 17, "object_id": "1", "object_repr": "Guatamala League 2016", "action_flag": 2, "change_message": "Changed contentants."}}, {"model": "admin.logentry", "pk": 71, "fields": {"action_time": "2016-01-13T10:38:25Z", "user": 1, "content_type": 13, "object_id": "10", "object_repr": "5 - Wed Jan 13 21:38:04 2016 - Bus Stop", "action_flag": 1, "change_message": "Added."}}, {"model": "admin.logentry", "pk": 72, "fields": {"action_time": "2016-01-13T10:38:28Z", "user": 1, "content_type": 14, "object_id": "4", "object_repr": "2016-01-13 19:00:45+11:00 (Mick, Stu, Bob, Russel, Warren, Bill Pelican, Bill B, Jordan, Delicious, Bus)", "action_flag": 2, "change_message": "Changed scores."}}, {"model": "admin.logentry", "pk": 73, "fields": {"action_time": "2016-01-13T10:39:40Z", "user": 1, "content_type": 9, "object_id": "14", "object_repr": "Skirting Board (None)", "action_flag": 1, "change_message": "Added."}}, {"model": "admin.logentry", "pk": 74, "fields": {"action_time": "2016-01-13T10:39:50Z", "user": 1, "content_type": 13, "object_id": "11", "object_repr": "71 - Wed Jan 13 21:39:49 2016 - Skirting Board", "action_flag": 1, "change_message": "Added."}}, {"model": "admin.logentry", "pk": 75, "fields": {"action_time": "2016-01-13T10:40:08Z", "user": 1, "content_type": 9, "object_id": "15", "object_repr": "Quincy Paste (None)", "action_flag": 1, "change_message": "Added."}}, {"model": "admin.logentry", "pk": 76, "fields": {"action_time": "2016-01-13T10:40:32Z", "user": 1, "content_type": 13, "object_id": "12", "object_repr": "59 - Wed Jan 13 21:40:31 2016 - Quincy Paste", "action_flag": 1, "change_message": "Added."}}, {"model": "admin.logentry", "pk": 77, "fields": {"action_time": "2016-01-13T10:40:52Z", "user": 1, "content_type": 9, "object_id": "16", "object_repr": "Hector Protector (None)", "action_flag": 1, "change_message": "Added."}}, {"model": "admin.logentry", "pk": 78, "fields": {"action_time": "2016-01-13T10:40:58Z", "user": 1, "content_type": 13, "object_id": "13", "object_repr": "41 - Wed Jan 13 21:40:57 2016 - Hector Protector", "action_flag": 1, "change_message": "Added."}}, {"model": "admin.logentry", "pk": 79, "fields": {"action_time": "2016-01-13T10:41:00Z", "user": 1, "content_type": 14, "object_id": "5", "object_repr": "2016-01-13 21:39:17+11:00 (Skirting, Quincy, Hector)", "action_flag": 1, "change_message": "Added."}}, {"model": "admin.logentry", "pk": 80, "fields": {"action_time": "2016-01-13T10:41:02Z", "user": 1, "content_type": 16, "object_id": "1", "object_repr": "January League Day - Wed Jan 13 19:00:09 2016", "action_flag": 2, "change_message": "Changed cards."}}, {"model": "admin.logentry", "pk": 81, "fields": {"action_time": "2016-01-13T10:44:30Z", "user": 1, "content_type": 9, "object_id": "17", "object_repr": "Smokey Abraham (None)", "action_flag": 1, "change_message": "Added."}}, {"model": "admin.logentry", "pk": 82, "fields": {"action_time": "2016-01-13T10:44:35Z", "user": 1, "content_type": 13, "object_id": "14", "object_repr": "221 - Wed Jan 13 21:44:34 2016 - Smokey Abraham", "action_flag": 1, "change_message": "Added."}}, {"model": "admin.logentry", "pk": 83, "fields": {"action_time": "2016-01-13T10:45:49Z", "user": 1, "content_type": 14, "object_id": "6", "object_repr": "2016-01-13 21:44:14+11:00 (Smokey)", "action_flag": 1, "change_message": "Added."}}, {"model": "admin.logentry", "pk": 84, "fields": {"action_time": "2016-01-13T10:46:08Z", "user": 1, "content_type": 16, "object_id": "1", "object_repr": "January League Day - Wed Jan 13 19:00:09 2016", "action_flag": 2, "change_message": "Changed awards and cards."}}, {"model": "admin.logentry", "pk": 85, "fields": {"action_time": "2016-01-13T10:48:01Z", "user": 1, "content_type": 9, "object_id": "18", "object_repr": "Bill Pfeiffer (None)", "action_flag": 1, "change_message": "Added."}}, {"model": "admin.logentry", "pk": 86, "fields": {"action_time": "2016-01-13T10:48:09Z", "user": 1, "content_type": 13, "object_id": "15", "object_repr": "69 - Wed Jan 13 21:48:09 2016 - Bill Pfeiffer", "action_flag": 1, "change_message": "Added."}}, {"model": "admin.logentry", "pk": 87, "fields": {"action_time": "2016-01-13T10:48:13Z", "user": 1, "content_type": 14, "object_id": "6", "object_repr": "2016-01-13 21:44:14+11:00 (Smokey, Bill Pfeiffer)", "action_flag": 2, "change_message": "Changed scores."}}, {"model": "admin.logentry", "pk": 88, "fields": {"action_time": "2016-01-13T10:48:21Z", "user": 1, "content_type": 9, "object_id": "18", "object_repr": "Bill Pfeiffer (None)", "action_flag": 2, "change_message": "Changed initial_handicap."}}, {"model": "admin.logentry", "pk": 89, "fields": {"action_time": "2016-01-13T10:57:14Z", "user": 1, "content_type": 15, "object_id": "1", "object_repr": "Loudest Pot Plant: Mick Bolton", "action_flag": 2, "change_message": "Changed name."}}, {"model": "admin.logentry", "pk": 90, "fields": {"action_time": "2016-01-13T11:03:38Z", "user": 1, "content_type": 13, "object_id": "16", "object_repr": "55 - Wed Jan 13 22:03:34 2016 - Mick Bolton", "action_flag": 1, "change_message": "Added."}}, {"model": "admin.logentry", "pk": 91, "fields": {"action_time": "2016-01-13T11:03:49Z", "user": 1, "content_type": 13, "object_id": "17", "object_repr": "90 - Wed Jan 13 22:03:48 2016 - Stu Soup", "action_flag": 1, "change_message": "Added."}}, {"model": "admin.logentry", "pk": 92, "fields": {"action_time": "2016-01-13T11:04:01Z", "user": 1, "content_type": 13, "object_id": "18", "object_repr": "56 - Wed Jan 13 22:03:59 2016 - Bob Floaty", "action_flag": 1, "change_message": "Added."}}, {"model": "admin.logentry", "pk": 93, "fields": {"action_time": "2016-01-13T11:04:10Z", "user": 1, "content_type": 13, "object_id": "19", "object_repr": "70 - Wed Jan 13 22:04:09 2016 - Russel Leaf", "action_flag": 1, "change_message": "Added."}}, {"model": "admin.logentry", "pk": 94, "fields": {"action_time": "2016-01-13T11:04:13Z", "user": 1, "content_type": 14, "object_id": "7", "object_repr": "2016-01-13 22:03:24+11:00 (Mick, Stu, Bob, Russel)", "action_flag": 1, "change_message": "Added."}}, {"model": "admin.logentry", "pk": 95, "fields": {"action_time": "2016-01-13T11:04:19Z", "user": 1, "content_type": 16, "object_id": "1", "object_repr": "January League Day - Wed Jan 13 19:00:09 2016", "action_flag": 2, "change_message": "Changed cards."}}, {"model": "admin.logentry", "pk": 96, "fields": {"action_time": "2016-01-13T11:37:35Z", "user": 1, "content_type": 13, "object_id": "20", "object_repr": "66 - Wed Jan 13 22:37:34 2016 - Warren Hole", "action_flag": 1, "change_message": "Added."}}, {"model": "admin.logentry", "pk": 97, "fields": {"action_time": "2016-01-13T11:37:43Z", "user": 1, "content_type": 13, "object_id": "21", "object_repr": "54 - Wed Jan 13 22:37:42 2016 - Bill Pelican", "action_flag": 1, "change_message": "Added."}}, {"model": "admin.logentry", "pk": 98, "fields": {"action_time": "2016-01-13T11:37:55Z", "user": 1, "content_type": 13, "object_id": "22", "object_repr": "61 - Wed Jan 13 22:37:46 2016 - Bill Bird", "action_flag": 1, "change_message": "Added."}}, {"model": "admin.logentry", "pk": 99, "fields": {"action_time": "2016-01-13T11:38:07Z", "user": 1, "content_type": 13, "object_id": "23", "object_repr": "82 - Wed Jan 13 22:38:06 2016 - Jordan Puskanani", "action_flag": 1, "change_message": "Added."}}, {"model": "admin.logentry", "pk": 100, "fields": {"action_time": "2016-01-13T11:38:08Z", "user": 1, "content_type": 14, "object_id": "8", "object_repr": "2016-01-13 22:37:10+11:00 (Warren, Bill Pelican, Bill B, Jordan)", "action_flag": 1, "change_message": "Added."}}, {"model": "admin.logentry", "pk": 101, "fields": {"action_time": "2016-01-13T11:39:04Z", "user": 1, "content_type": 16, "object_id": "1", "object_repr": "January League Day - Wed Jan 13 19:00:09 2016", "action_flag": 2, "change_message": "Changed cards."}}, {"model": "admin.logentry", "pk": 102, "fields": {"action_time": "2016-01-13T11:44:14Z", "user": 1, "content_type": 13, "object_id": "23", "object_repr": "80 - Wed Jan 13 22:38:06 2016 - Jordan Puskanani", "action_flag": 2, "change_message": "Changed strokes."}}, {"model": "admin.logentry", "pk": 103, "fields": {"action_time": "2016-01-13T11:44:46Z", "user": 1, "content_type": 13, "object_id": "23", "object_repr": "81 - Wed Jan 13 22:38:06 2016 - Jordan Puskanani", "action_flag": 2, "change_message": "Changed strokes."}}, {"model": "admin.logentry", "pk": 104, "fields": {"action_time": "2016-01-13T11:45:00Z", "user": 1, "content_type": 13, "object_id": "23", "object_repr": "80 - Wed Jan 13 22:38:06 2016 - Jordan Puskanani", "action_flag": 2, "change_message": "Changed strokes."}}, {"model": "admin.logentry", "pk": 105, "fields": {"action_time": "2016-01-13T11:45:17Z", "user": 1, "content_type": 13, "object_id": "23", "object_repr": "83 - Wed Jan 13 22:38:06 2016 - Jordan Puskanani", "action_flag": 2, "change_message": "Changed strokes."}}, {"model": "admin.logentry", "pk": 106, "fields": {"action_time": "2016-01-13T11:45:34Z", "user": 1, "content_type": 13, "object_id": "23", "object_repr": "84 - Wed Jan 13 22:38:06 2016 - Jordan Puskanani", "action_flag": 2, "change_message": "Changed strokes."}}, {"model": "admin.logentry", "pk": 107, "fields": {"action_time": "2016-01-13T11:45:52Z", "user": 1, "content_type": 13, "object_id": "23", "object_repr": "82 - Wed Jan 13 22:38:06 2016 - Jordan Puskanani", "action_flag": 2, "change_message": "Changed strokes."}}, {"model": "admin.logentry", "pk": 108, "fields": {"action_time": "2016-01-13T11:46:08Z", "user": 1, "content_type": 13, "object_id": "23", "object_repr": "80 - Wed Jan 13 22:38:06 2016 - Jordan Puskanani", "action_flag": 2, "change_message": "Changed strokes."}}, {"model": "admin.logentry", "pk": 109, "fields": {"action_time": "2016-01-13T11:46:21Z", "user": 1, "content_type": 13, "object_id": "23", "object_repr": "78 - Wed Jan 13 22:38:06 2016 - Jordan Puskanani", "action_flag": 2, "change_message": "Changed strokes."}}, {"model": "admin.logentry", "pk": 110, "fields": {"action_time": "2016-01-13T11:46:43Z", "user": 1, "content_type": 13, "object_id": "23", "object_repr": "82 - Wed Jan 13 22:38:06 2016 - Jordan Puskanani", "action_flag": 2, "change_message": "Changed strokes."}}, {"model": "admin.logentry", "pk": 111, "fields": {"action_time": "2016-01-13T11:47:00Z", "user": 1, "content_type": 13, "object_id": "22", "object_repr": "59 - Wed Jan 13 22:37:46 2016 - Bill Bird", "action_flag": 2, "change_message": "Changed strokes."}}, {"model": "admin.logentry", "pk": 112, "fields": {"action_time": "2016-01-13T11:47:15Z", "user": 1, "content_type": 13, "object_id": "22", "object_repr": "57 - Wed Jan 13 22:37:46 2016 - Bill Bird", "action_flag": 2, "change_message": "Changed strokes."}}, {"model": "admin.logentry", "pk": 113, "fields": {"action_time": "2016-01-13T13:08:52Z", "user": 1, "content_type": 13, "object_id": "8", "object_repr": "65 - Wed Jan 13 19:02:57 2016 - Jordan Puskanani", "action_flag": 2, "change_message": "Changed strokes."}}, {"model": "admin.logentry", "pk": 114, "fields": {"action_time": "2016-01-13T13:09:24Z", "user": 1, "content_type": 13, "object_id": "8", "object_repr": "67 - Wed Jan 13 19:02:57 2016 - Jordan Puskanani", "action_flag": 2, "change_message": "Changed strokes."}}, {"model": "admin.logentry", "pk": 115, "fields": {"action_time": "2016-01-13T13:11:29Z", "user": 1, "content_type": 13, "object_id": "10", "object_repr": "7 - Wed Jan 13 21:38:04 2016 - Bus Stop", "action_flag": 2, "change_message": "Changed strokes."}}, {"model": "admin.logentry", "pk": 116, "fields": {"action_time": "2016-01-13T23:23:25Z", "user": 1, "content_type": 13, "object_id": "24", "object_repr": "59 - Sun Feb 14 10:23:20 2016 - Delicious Apricot", "action_flag": 1, "change_message": "Added."}}, {"model": "admin.logentry", "pk": 117, "fields": {"action_time": "2016-01-13T23:23:38Z", "user": 1, "content_type": 13, "object_id": "25", "object_repr": "43 - Sun Feb 14 10:23:35 2016 - Bus Stop", "action_flag": 1, "change_message": "Added."}}, {"model": "admin.logentry", "pk": 118, "fields": {"action_time": "2016-01-13T23:23:58Z", "user": 1, "content_type": 13, "object_id": "26", "object_repr": "444 - Sun Feb 14 10:23:51 2016 - Skirting Board", "action_flag": 1, "change_message": "Added."}}, {"model": "admin.logentry", "pk": 119, "fields": {"action_time": "2016-01-13T23:24:14Z", "user": 1, "content_type": 13, "object_id": "27", "object_repr": "64 - Sun Feb 14 10:24:12 2016 - Quincy Paste", "action_flag": 1, "change_message": "Added."}}, {"model": "admin.logentry", "pk": 120, "fields": {"action_time": "2016-01-13T23:24:21Z", "user": 1, "content_type": 14, "object_id": "9", "object_repr": "2016-02-14 10:22:41+11:00 (Delicious, Bus, Skirting, Quincy)", "action_flag": 1, "change_message": "Added."}}, {"model": "admin.logentry", "pk": 121, "fields": {"action_time": "2016-01-13T23:24:24Z", "user": 1, "content_type": 16, "object_id": "2", "object_repr": "February League Day - Sun Feb 14 10:22:11 2016", "action_flag": 1, "change_message": "Added."}}, {"model": "admin.logentry", "pk": 122, "fields": {"action_time": "2016-01-13T23:24:44Z", "user": 1, "content_type": 17, "object_id": "1", "object_repr": "Guatamala League 2016", "action_flag": 2, "change_message": "Changed events."}}, {"model": "admin.logentry", "pk": 123, "fields": {"action_time": "2016-01-13T23:29:39Z", "user": 1, "content_type": 15, "object_id": "3", "object_repr": "Closest to Suzan: Quincy Paste", "action_flag": 1, "change_message": "Added."}}, {"model": "admin.logentry", "pk": 124, "fields": {"action_time": "2016-01-13T23:29:42Z", "user": 1, "content_type": 16, "object_id": "2", "object_repr": "February League Day - Sun Feb 14 10:22:11 2016", "action_flag": 2, "change_message": "Changed awards."}}, {"model": "admin.logentry", "pk": 125, "fields": {"action_time": "2016-01-13T23:30:38Z", "user": 1, "content_type": 13, "object_id": "28", "object_repr": "1 - Sun Feb 14 10:30:34 2016 - Mick Bolton", "action_flag": 1, "change_message": "Added."}}, {"model": "admin.logentry", "pk": 126, "fields": {"action_time": "2016-01-13T23:30:50Z", "user": 1, "content_type": 13, "object_id": "29", "object_repr": "11 - Sun Feb 14 10:30:48 2016 - Stu Soup", "action_flag": 1, "change_message": "Added."}}, {"model": "admin.logentry", "pk": 127, "fields": {"action_time": "2016-01-13T23:31:04Z", "user": 1, "content_type": 13, "object_id": "30", "object_repr": "32 - Sun Feb 14 10:30:59 2016 - Bob Floaty", "action_flag": 1, "change_message": "Added."}}, {"model": "admin.logentry", "pk": 128, "fields": {"action_time": "2016-01-13T23:31:15Z", "user": 1, "content_type": 13, "object_id": "31", "object_repr": "43 - Sun Feb 14 10:31:12 2016 - Russel Leaf", "action_flag": 1, "change_message": "Added."}}, {"model": "admin.logentry", "pk": 129, "fields": {"action_time": "2016-01-13T23:31:17Z", "user": 1, "content_type": 14, "object_id": "10", "object_repr": "2016-02-14 10:30:21+11:00 (Mick, Stu, Bob, Russel)", "action_flag": 1, "change_message": "Added."}}, {"model": "admin.logentry", "pk": 130, "fields": {"action_time": "2016-01-13T23:31:20Z", "user": 1, "content_type": 16, "object_id": "2", "object_repr": "February League Day - Sun Feb 14 10:22:11 2016", "action_flag": 2, "change_message": "Changed cards."}}, {"model": "admin.logentry", "pk": 131, "fields": {"action_time": "2016-01-13T23:34:29Z", "user": 1, "content_type": 13, "object_id": "27", "object_repr": "2 - Sun Feb 14 10:24:12 2016 - Quincy Paste", "action_flag": 2, "change_message": "Changed strokes."}}, {"model": "admin.logentry", "pk": 132, "fields": {"action_time": "2016-01-13T23:36:30Z", "user": 1, "content_type": 13, "object_id": "32", "object_repr": "67 - Sun Feb 14 10:36:27 2016 - Stu Soup", "action_flag": 1, "change_message": "Added."}}, {"model": "admin.logentry", "pk": 133, "fields": {"action_time": "2016-01-13T23:36:41Z", "user": 1, "content_type": 13, "object_id": "33", "object_repr": "69 - Sun Feb 14 10:36:39 2016 - Quincy Paste", "action_flag": 1, "change_message": "Added."}}, {"model": "admin.logentry", "pk": 134, "fields": {"action_time": "2016-01-13T23:36:55Z", "user": 1, "content_type": 13, "object_id": "34", "object_repr": "546 - Sun Feb 14 10:36:52 2016 - Mick Bolton", "action_flag": 1, "change_message": "Added."}}, {"model": "admin.logentry", "pk": 135, "fields": {"action_time": "2016-01-13T23:37:07Z", "user": 1, "content_type": 13, "object_id": "35", "object_repr": "-27 - Sun Feb 14 10:37:05 2016 - Bob Floaty", "action_flag": 1, "change_message": "Added."}}, {"model": "admin.logentry", "pk": 136, "fields": {"action_time": "2016-01-13T23:37:10Z", "user": 1, "content_type": 14, "object_id": "11", "object_repr": "2016-02-14 10:35:55+11:00 (Stu, Quincy, Mick, Bob)", "action_flag": 1, "change_message": "Added."}}, {"model": "admin.logentry", "pk": 137, "fields": {"action_time": "2016-01-13T23:37:13Z", "user": 1, "content_type": 16, "object_id": "2", "object_repr": "February League Day - Sun Feb 14 10:22:11 2016", "action_flag": 2, "change_message": "Changed cards."}}, {"model": "admin.logentry", "pk": 138, "fields": {"action_time": "2016-02-16T04:12:44Z", "user": 1, "content_type": 8, "object_id": "13", "object_repr": "Hannibal Lecturn", "action_flag": 2, "change_message": "Changed first_name and last_name."}}, {"model": "admin.logentry", "pk": 139, "fields": {"action_time": "2016-02-16T04:12:49Z", "user": 1, "content_type": 8, "object_id": "15", "object_repr": "Bill Pellican", "action_flag": 2, "change_message": "Changed last_name."}}, {"model": "admin.logentry", "pk": 140, "fields": {"action_time": "2016-02-16T04:12:57Z", "user": 1, "content_type": 8, "object_id": "15", "object_repr": "Bill Pelican", "action_flag": 2, "change_message": "Changed last_name."}}, {"model": "admin.logentry", "pk": 141, "fields": {"action_time": "2016-02-16T04:13:27Z", "user": 1, "content_type": 8, "object_id": "14", "object_repr": "Ronaldo McSporren", "action_flag": 2, "change_message": "Changed first_name and last_name."}}, {"model": "admin.logentry", "pk": 142, "fields": {"action_time": "2016-02-16T04:44:22Z", "user": 1, "content_type": 8, "object_id": "10", "object_repr": "Baz Stopp", "action_flag": 2, "change_message": "Changed first_name and last_name."}}, {"model": "admin.logentry", "pk": 143, "fields": {"action_time": "2016-02-16T04:45:03Z", "user": 1, "content_type": 8, "object_id": "6", "object_repr": "John Lennon", "action_flag": 2, "change_message": "Changed first_name and last_name."}}, {"model": "admin.logentry", "pk": 144, "fields": {"action_time": "2016-02-16T04:45:16Z", "user": 1, "content_type": 8, "object_id": "5", "object_repr": "Warren Rabbit", "action_flag": 2, "change_message": "Changed last_name."}}, {"model": "admin.logentry", "pk": 145, "fields": {"action_time": "2016-02-16T04:45:35Z", "user": 1, "content_type": 8, "object_id": "3", "object_repr": "Bob Float", "action_flag": 2, "change_message": "Changed last_name."}}, {"model": "admin.logentry", "pk": 146, "fields": {"action_time": "2016-02-16T04:45:46Z", "user": 1, "content_type": 8, "object_id": "2", "object_repr": "Inglebert Humperdink", "action_flag": 2, "change_message": "Changed first_name and last_name."}}, {"model": "admin.logentry", "pk": 147, "fields": {"action_time": "2016-02-16T04:46:01Z", "user": 1, "content_type": 8, "object_id": "1", "object_repr": "Mick Mouse", "action_flag": 2, "change_message": "Changed last_name."}}, {"model": "admin.logentry", "pk": 148, "fields": {"action_time": "2016-02-16T04:46:55Z", "user": 1, "content_type": 11, "object_id": "1", "object_repr": "Blue tees", "action_flag": 2, "change_message": "Changed name."}}, {"model": "admin.logentry", "pk": 149, "fields": {"action_time": "2016-02-16T04:47:12Z", "user": 1, "content_type": 17, "object_id": "2", "object_repr": "Legends League Q1 2016", "action_flag": 2, "change_message": "Changed name."}}, {"model": "admin.logentry", "pk": 150, "fields": {"action_time": "2016-02-16T04:47:29Z", "user": 1, "content_type": 17, "object_id": "1", "object_repr": "Beowulf Cup 2016", "action_flag": 2, "change_message": "Changed name."}}, {"model": "admin.logentry", "pk": 151, "fields": {"action_time": "2016-02-16T05:11:19Z", "user": 1, "content_type": 8, "object_id": "3", "object_repr": "Annie Hyzer", "action_flag": 2, "change_message": "Changed first_name and last_name."}}, {"model": "admin.logentry", "pk": 152, "fields": {"action_time": "2016-02-16T05:13:10Z", "user": 1, "content_type": 8, "object_id": "7", "object_repr": "Imhotep Smith", "action_flag": 2, "change_message": "Changed first_name and last_name."}}, {"model": "admin.logentry", "pk": 153, "fields": {"action_time": "2016-02-16T05:13:27Z", "user": 1, "content_type": 8, "object_id": "14", "object_repr": "Abraham linkedin", "action_flag": 2, "change_message": "Changed first_name and last_name."}}, {"model": "admin.logentry", "pk": 154, "fields": {"action_time": "2016-02-16T05:13:50Z", "user": 1, "content_type": 8, "object_id": "8", "object_repr": "Nial Jordan", "action_flag": 2, "change_message": "Changed first_name and last_name."}}, {"model": "admin.logentry", "pk": 155, "fields": {"action_time": "2016-02-16T06:11:43Z", "user": 1, "content_type": 15, "object_id": "3", "object_repr": "Closest to Pin: Quincy Paste", "action_flag": 2, "change_message": "Changed name."}}, {"model": "admin.logentry", "pk": 156, "fields": {"action_time": "2016-02-16T06:11:51Z", "user": 1, "content_type": 15, "object_id": "2", "object_repr": "Best Socks: Warren Rabbit", "action_flag": 2, "change_message": "Changed name."}}, {"model": "admin.logentry", "pk": 157, "fields": {"action_time": "2016-02-16T06:12:12Z", "user": 1, "content_type": 15, "object_id": "1", "object_repr": "Loudest Ringtone: Mick Mouse", "action_flag": 2, "change_message": "Changed name."}}, {"model": "admin.logentry", "pk": 158, "fields": {"action_time": "2016-02-16T06:12:29Z", "user": 1, "content_type": 15, "object_id": "1", "object_repr": "Loudest Sneeze: Mick Mouse", "action_flag": 2, "change_message": "Changed name."}}, {"model": "admin.logentry", "pk": 159, "fields": {"action_time": "2016-02-16T06:12:52Z", "user": 1, "content_type": 15, "object_id": "3", "object_repr": "Closest to Pin (Hole 4): Quincy Paste", "action_flag": 2, "change_message": "Changed name."}}, {"model": "admin.logentry", "pk": 160, "fields": {"action_time": "2016-02-16T06:13:40Z", "user": 1, "content_type": 15, "object_id": "4", "object_repr": "Fastest Eater: Nial Jordan", "action_flag": 1, "change_message": "Added."}}, {"model": "admin.logentry", "pk": 161, "fields": {"action_time": "2016-02-16T06:13:45Z", "user": 1, "content_type": 16, "object_id": "2", "object_repr": "February League Day - Sun Feb 14 10:22:11 2016", "action_flag": 2, "change_message": "Changed awards."}}, {"model": "admin.logentry", "pk": 162, "fields": {"action_time": "2016-02-16T07:27:21Z", "user": 1, "content_type": 3, "object_id": "2", "object_repr": "testuser", "action_flag": 1, "change_message": "Added."}}, {"model": "admin.logentry", "pk": 163, "fields": {"action_time": "2016-02-16T07:27:32Z", "user": 1, "content_type": 3, "object_id": "2", "object_repr": "testuser", "action_flag": 2, "change_message": "Changed user_permissions."}}, {"model": "admin.logentry", "pk": 164, "fields": {"action_time": "2016-02-16T08:01:22Z", "user": 1, "content_type": 3, "object_id": "2", "object_repr": "testuser", "action_flag": 2, "change_message": "Changed user_permissions."}}, {"model": "admin.logentry", "pk": 165, "fields": {"action_time": "2016-02-16T08:02:45Z", "user": 1, "content_type": 3, "object_id": "1", "object_repr": "admin", "action_flag": 2, "change_message": "Changed password."}}, {"model": "admin.logentry", "pk": 166, "fields": {"action_time": "2016-02-16T08:11:34Z", "user": 1, "content_type": 8, "object_id": "14", "object_repr": "Abraham Linkedin", "action_flag": 2, "change_message": "Changed last_name."}}, {"model": "admin.logentry", "pk": 167, "fields": {"action_time": "2016-02-16T08:13:51Z", "user": 1, "content_type": 8, "object_id": "8", "object_repr": "George Bool", "action_flag": 2, "change_message": "Changed first_name and last_name."}}, {"model": "admin.logentry", "pk": 168, "fields": {"action_time": "2016-02-16T08:14:32Z", "user": 1, "content_type": 8, "object_id": "6", "object_repr": "Ron Lennon", "action_flag": 2, "change_message": "Changed first_name."}}, {"model": "admin.logentry", "pk": 169, "fields": {"action_time": "2016-02-16T08:14:54Z", "user": 1, "content_type": 8, "object_id": "1", "object_repr": "Ronald McDiddlydonsky", "action_flag": 2, "change_message": "Changed first_name and last_name."}}, {"model": "admin.logentry", "pk": 170, "fields": {"action_time": "2016-02-16T08:15:20Z", "user": 1, "content_type": 8, "object_id": "1", "object_repr": "Ronald McDonlington", "action_flag": 2, "change_message": "Changed last_name."}}, {"model": "admin.logentry", "pk": 171, "fields": {"action_time": "2016-02-16T08:15:25Z", "user": 1, "content_type": 8, "object_id": "1", "object_repr": "Ron McDonlington", "action_flag": 2, "change_message": "Changed first_name."}}, {"model": "admin.logentry", "pk": 172, "fields": {"action_time": "2016-02-16T08:15:41Z", "user": 1, "content_type": 8, "object_id": "6", "object_repr": "John Lemon", "action_flag": 2, "change_message": "Changed first_name and last_name."}}]